Player Name,Image URL,Position,Footed,Physical,Born,National Team,Club,age_years,lb_overall_score_z,progression_score_z,penetration_score_z,chance_score_z,width_score_z,retention_score_z,defense_score_z,discipline_score_z
Joshua Kimmich,https://fbref.com/req/202302030/images/headshots/49296448_2022.jpg,"DF-MF (DM-FB, right)",Right,"176cm, 69kg (5-9½, 154lb)","February 8, 1995 (Age: 30-297d) in Rottweil, Germany",Germany de,Bayern Munich,30,2.8762707973120825,2.5473463902570703,1.8935691751520525,4.420685826203226,2.065413534833118,-0.6756625185712257,0.9768069989477406,-1.3732024628323891
Jules Koundé,https://fbref.com/req/202302030/images/headshots/4d1666ff_2022.jpg,"DF (CB-FB, right)",Right,"178cm, 69kg (5-10, 154lb)","November 12, 1998 (Age: 27-020d) in Paris, France",France fr,Barcelona,27,2.645809035152938,1.94526675335301,2.8146172670540484,2.357904909213397,1.7585888488981682,-1.3278967698883657,1.6902823594619751,-0.1469985345550547
Ferdi Erenay Kadıoğlu,https://fbref.com/req/202302030/images/headshots/66c52a77_2022.jpg,DF-MF (FB),Right,"173cm, 63kg (5-8, 141lb)","October 7, 1999 (Age: 26-056d) in Gemeente Arnhem, Netherlands",Turkey tr  Other: Netherlands,Brighton & Hove Albion,26,2.12496469593775,1.7133249337226748,0.8553845309488795,3.19258280465617,1.0455642458986265,-0.4758987451604003,0.9055854993716748,0.6885002595512133
Kyle Walker,https://fbref.com/req/202302030/images/headshots/984a5a64_2022.jpg,DF-MF (FB),Right,"173cm, 63kg (5-8, 139lb)","April 13, 1997 (Age: 28-233d) in London, England, United Kingdom",England eng,West Ham United,28,1.8530086044760803,3.1188184461398514,1.0525078716009415,-0.4950890669856385,1.0539176493903633,0.0976265536608302,1.3372204196190458,0.2130787168734134
Marc Cucurella Saseta,https://fbref.com/req/202302030/images/headshots/1daec722_2022.jpg,"DF-MF (FB-WM, left)",Left,"175cm, 68kg (5-9, 150lb)","July 22, 1998 (Age: 27-133d) in Alella, Spain",Spain es,Chelsea,27,1.833856542789691,1.2771744522537043,1.040462341684919,1.3837478916636132,1.4960677596190977,0.39423486014296,1.972729784199598,-0.7940492230309444
Nathan Aké,https://fbref.com/req/202302030/images/headshots/eaeca114_2022.jpg,"DF-MF (CB-FB, left)",Left,"180cm, 74kg (5-11, 165lb)","February 18, 1995 (Age: 30-287d) in The Hague, Netherlands",Netherlands nl,Manchester City,30,1.7851230427536726,1.8948308183792564,0.2683512562288498,1.2772648820450938,0.1226234931853555,1.175974366025185,2.079354313606562,-0.0619078039170776
Vladimír Coufal,https://fbref.com/req/202302030/images/headshots/fdf3cb77_2022.jpg,"DF-MF (FB, right)",Right,"174cm, 69kg (5-8½, 154lb)","August 22, 1992 (Age: 33-102d) in Liberec, Czech Republic",Czech Republic cz,Hoffenheim,33,1.7445742349862912,0.5926416020490161,2.453118007929186,2.6971547131548896,0.8211245475494294,-1.6478178741290057,1.2661733948834617,-0.5546515084975152
Denzel Dumfries,https://fbref.com/req/202302030/images/headshots/481c9ece_2022.jpg,"DF-MF (FB-WM, right)",Right,"188cm, 79kg (6-2, 176lb)","April 18, 1996 (Age: 29-228d) in Rotterdam, Netherlands",Netherlands nl  Other: Aruba,Internazionale,29,1.650136001754491,1.3655966656575735,2.8932807700423138,1.0783931556178323,1.6495467362293958,-1.617934112250666,0.6942261246534392,-1.1899041853619707
Theo Bernard François Hernández,https://fbref.com/req/202302030/images/headshots/d4c9725f_2022.jpg,"DF-MF (FB, left)",Left,"184cm, 78kg (6-½, 172lb)","October 6, 1997 (Age: 28-057d) in Marseille, France",France fr,Al-Hilal,28,1.4858246100867445,1.811245961311364,2.0651641928155344,0.8742357655220698,1.8379921832651196,-1.712981913772332,1.3830400725404384,-2.421471619686588
João Pedro Cavaco Cancelo,https://fbref.com/req/202302030/images/headshots/bd6351cd_2022.jpg,"DF-MF (CB-FB, right)",Right,"182cm, 66kg (5-11½, 146lb)","May 27, 1994 (Age: 31-189d) in Barreiro, Portugal",Portugal pt,Al-Hilal,31,1.4359247014156546,1.0353780740433929,1.8244369729010657,0.7274119526204773,1.0445469094376274,-1.1418067146181272,1.057906745652832,0.3570351201204114
Kieran Trippier,https://fbref.com/req/202302030/images/headshots/21512407_2022.jpg,"DF-MF (FB, right)",Right,"178cm, 66kg (5-10, 146lb)","September 19, 1990 (Age: 35-074d) in Bury, England, United Kingdom",England eng,Newcastle United,35,1.3724810241208496,0.7363234599442023,0.3821749752728891,1.8812240598346572,1.195458323530319,0.9003242461187838,0.5238550922666665,0.0227317288610772
Maximilian Mittelstädt,https://fbref.com/req/202302030/images/headshots/88d4144a_2022.jpg,"DF-MF (FB, left)",Left,"178cm, 68kg (5-10, 152lb)","March 18, 1997 (Age: 28-259d) in Berlin, Germany",Germany de,Stuttgart,28,1.0148647837897764,0.1961700813230517,1.7121268882486702,0.7815560231495634,0.7411099114330704,-0.0838213609012057,0.4575489470838882,-0.1298202334045156
Andrija Živković,https://fbref.com/req/202302030/images/headshots/321f83a2_2022.jpg,FW-MF (AM-WM),Left,"170cm, 66kg (5-7, 146lb)","July 11, 1996 (Age: 29-144d) in Niš, Serbia",Serbia rs,PAOK,29,1.0127259160175894,0.1293132398856947,0.8522221243813677,1.0783931556178323,1.549383648237411,0.4599192179889894,-0.2717639174232179,0.6741033730543192
Stefan Posch,https://fbref.com/req/202302030/images/headshots/7f609bfc_2022.jpg,"DF (CB-FB, right)",Right,"187cm, 83kg (6-1½, 183lb)","May 14, 1997 (Age: 28-202d) in Judenburg, Austria",Austria at,Como,28,0.8410602255632392,1.222394313533642,0.8870996304620912,1.383141213136872,1.2553563163191015,-3.4075663143291592,2.129387317683357,-2.4297171977441923
Bukayo Saka,https://fbref.com/req/202302030/images/headshots/bc7dc64d_2022.jpg,"DF-FW-MF (AM, right)",Left,"178cm, 64kg (5-10, 143lb)","September 5, 2001 (Age: 24-088d) in Ealing, England, United Kingdom",England eng,Arsenal,24,0.7988547115189074,0.186891794936417,1.8930455874050336,0.3558453418226904,0.9316597911188232,-0.9696914339980288,-0.039437720446478,0.3254492957120378
Joakim Mæhle,https://fbref.com/req/202302030/images/headshots/c459a650_2022.jpg,DF-MF (DM-FB),Right,"185cm, 76kg (6-1, 168lb)","May 20, 1997 (Age: 28-196d) in Østervrå, Denmark",Denmark dk  Other: Norway,Wolfsburg,28,0.7794455239844701,0.3685450071268685,0.8405015497700004,-0.0493333801492384,2.7918554480370124,-0.2031366866269726,-5.861395572519105e-05,-0.7082802472568823
Mert Müldür,https://fbref.com/req/202302030/images/headshots/1295552e_2022.jpg,"DF (FB, right)",Right,"184cm, 74kg (6-½, 165lb)","April 3, 1999 (Age: 26-243d) in Austria",Turkey tr  Other: Austria,Fenerbahçe,26,0.6504865863323902,0.9473818691365112,0.0767746324483669,-0.4263003783824255,0.6762218236561497,-0.1047324155178953,1.0122478002793112,0.2325988538162359
Timothy Castagne,https://fbref.com/req/202302030/images/headshots/197640fd_2022.jpg,"DF-MF (DM-FB, right)",Right,"180cm, 79kg (5-11, 176lb)","Decemr 5, 1995 (Age: 29-362d) in Arlon, Belgium",Belgium be,Fulham,29,0.5992005897352278,0.6302982748382692,0.1615810590846974,-0.788188696686285,0.7302564592322085,0.7655869840140428,0.5465345221912149,0.7167166907791787
Przemysław Frankowski,https://fbref.com/req/202302030/images/headshots/00a8d210_2022.jpg,DF-FW-MF (AM-DM-WM),Right,"175cm, 68kg (5-9, 150lb)","April 12, 1995 (Age: 30-234d) in Gdańsk, Poland",Poland pl,Rennes,30,0.4783342935600347,0.5165415068392643,0.1674268074453896,0.7371900213256822,0.3925753064361268,-0.2801993476087429,0.7456117770337788,-0.9175623862753868
Alexander Hartmann Bah,https://fbref.com/req/202302030/images/headshots/78f21137_2022.jpg,"DF-MF (FB, right)",Right,"183cm, 76kg (6-0, 168lb)","December 9, 1997 (Age: 27-358d) in Odense, Denmark",Denmark dk,Benfica,27,0.4390606540910522,0.2726207228497747,0.5527682260309263,-0.0254993376803014,0.449221763190272,0.4179688134947331,0.064793597689518,0.0432620817252109
Žan Karničnik,https://fbref.com/req/202302030/images/headshots/b11b006c_2022.jpg,DF (FB),Right,"178cm, 68kg (5-10, 152lb)","September 18, 1994 (Age: 31-075d) in Slovenia",Slovenia si,NK Celje,31,0.407129963185821,0.4498029340297145,-0.2691065827665952,-0.788188696686285,-0.02049993077704,0.2218391442927424,2.139393436945332,-0.228843653329732
Joachim Andersen,https://fbref.com/req/202302030/images/headshots/e34fc66d_2022.jpg,DF (CB),Right,"190cm, 74kg (6-3, 165lb)","May 31, 1996 (Age: 29-185d) in Frederiksberg, Denmark",Denmark dk,Fulham,29,0.3745749243431931,1.4955991178294017,-0.2876526556265981,-0.0415559557646379,-0.4355667713204521,0.3114338390350659,0.073119608788772,-0.0918483528615966
Nicușor Silviu Bancu,https://fbref.com/req/202302030/images/headshots/99847dc0_2022.jpg,"DF-MF (FB-WM, left)",Left,"182cm, 72kg (5-11½, 159lb)","September 18, 1992 (Age: 33-075d) in Olteniţa, Romania",Romania ro,Universitatea Craiova,33,0.3303402993764816,0.6762294614893428,-0.0014080010101237,-0.0336130542654715,0.2284008189035943,0.8010035341883124,0.4908362428277511,-1.1550610304745057
Otar Kakabadze,https://fbref.com/req/202302030/images/headshots/2ea12fc4_2022.jpg,"DF-MF (FB-WM, right)",Right,"185cm, 76kg (6-1, 168lb)","June 27, 1995 (A: 30-158d) in Georgia",Georgia ge,Cracovia,30,0.2975147421165399,0.5085355518473758,0.5221522444384735,-0.0415559557646379,0.2966257696775604,-3.016014061009498,2.2867671975510113,-0.9032600931934652
Andrei Florin Ratiu,https://fbref.com/req/202302030/images/headshots/b1b99435_2022.jpg,"DF (FB, right)",Right,"183cm, 76kg (6-0, 168lb)","June 20, 1998 (Age: 27-165d) in Romania",Romania ro,Rayo Vallecano,27,0.2758312623320243,0.1822721985840663,0.0327583060829384,-0.0336130542654715,-0.0332209258370874,-2.5860783094461564,2.051995057384433,0.8079226012977625
Arthur Theate,https://fbref.com/req/202302030/images/headshots/df8d6029_2022.jpg,"DF (CB, left)",Left,"191cm, 81kg (6-3, 179lb)","May 25, 2000 (Age: 25-191d) in Liège, Belgium",Belgium be,Eintracht Frankfurt,25,0.262298598545057,0.7758883596616248,-0.6155981827996936,-0.0254993376803014,0.1179070425750915,-0.0679436505341686,0.0465726258570635,1.004086549725809
Giovanni Di Lorenzo,https://fbref.com/req/202302030/images/headshots/230a2fac_2022.jpg,"DF-MF (FB, right)",Right,"184cm, 79kg (6-½, 176lb)","August 4, 1993 (Age: 32-120d) in Castelnuovo di Garfagnana, Italy",Italy it,Napoli,32,0.2245738628604518,0.9105365339929322,-0.0258017578587079,-0.788188696686285,0.6397644909331833,-1.0718703208488718,0.94221948045158,-0.3719315206230763
Dávid Hancko,https://fbref.com/req/202302030/images/headshots/4fac8f81_2022.jpg,"DF (CB-FB, left)",Left,"188cm, 78kg (6-2, 174lb)","December 13, 1997 (Age: 27-354d) in Prievidza, Slovakia",Slovakia sk,Atlético Madrid,27,0.2206801398240078,0.3279858329344906,0.6438534819089701,-0.4950890669856385,0.387047505798987,-0.3996339658087497,0.3194377538162315,-0.309715200728442
Daniel Carvajal Ramos,https://fbref.com/req/202302030/images/headshots/4958bfb2_2022.jpg,"DF (FB, right)",Right,"173cm, 69kg (5-8, 154lb)","January 11, 1992 (Age: 33-325d) in Leganés, Spain",Spain es,Real Madrid,33,0.1734799591270059,0.6312009988075449,0.2052789077446251,0.6304135110648444,0.938982796476584,-1.4416584829193984,0.9098267490475662,-2.600295595921389
Oleksandr Zinchenko,https://fbref.com/req/202302030/images/headshots/51cf8561_2022.jpg,"DF-MF (FB, left)",Left,"175cm, 60kg (5-9, 134lb)","December 15, 1996 (Age: 28-352d) in Radomyshl, Ukraine",Ukraine ua,Nottingham Forest,28,0.1728097487519322,-0.0342111250703477,-0.4215223719413113,0.5306321411234469,0.0195523776530023,0.1196235322689546,0.4910346866968162,0.1746976043978099
Nuno Mendes,https://fbref.com/req/202302030/images/headshots/f20e4cc9_2022.jpg,DF-MF,Left,"176cm, 69kg (5-9½, 154lb)","April 7, 1978 in Guimarães, Portugal",Youth  Portugal pt,,47,0.1523986003518489,0.7198590475924964,0.1335786235266861,-0.229683890485053,0.2761942248156166,-1.649880828707023,0.2276900417780354,0.5435562339717022
Erik Janža,https://fbref.com/req/202302030/images/headshots/961f9f1c_2022.jpg,"DF-MF (FB, left)",Left,"174cm, 74kg (5-8½, 165lb)","June 21, 1993 (Age: 32-164d) in Slovenia",Slovenia si,Górnik Zabrze,32,0.081497972561268,0.1339991891037563,0.5734007179854492,0.3558453418226904,0.0157400814905067,-0.0679436505341686,-0.5829170470570798,-0.4279470614796454
Ivan Perišić,https://fbref.com/req/202302030/images/headshots/6fe90922_2022.jpg,"DF-FW-MF (AM-WM, left)",Both,"187cm, 78kg (6-1½, 174lb)","February 2, 1989 (Age: 36-303d) in Grad Split, Croatia",Croatia hr,PSV Eindhoven,36,0.0336447500289799,-0.7856464929551799,0.8030523914476404,0.4784204173772233,0.0016822132077003,0.8605147525520563,-1.392583473059443,0.8337039094024875
Fabian Lukas Schär,https://fbref.com/req/202302030/images/headshots/c8aa95da_2022.jpg,"DF (CB, right)",Right,"186cm, 84kg (6-1, 187lb)","December 20, 1991 (Age: 33-347d) in Wil, Switzerland",Switzerland ch,Newcastle United,33,-0.0841279733415168,1.330643044167057,-0.0974297532696476,0.0768126495034281,-0.2292856136786116,-0.9296791720265344,1.1398867532108323,-3.6042201704694334
Mario Mitaj,https://fbref.com/req/202302030/images/headshots/0bf123b6_2022.jpg,"DF (FB, left)",Left,"185cm, 71kg (6-1, 157lb)","August 6, 2003 (Age: 22-118d)",Albania al,Al Ittihad Jeddah,22,-0.0949667905796072,-0.4455286304891501,-0.5128564868957918,-0.788188696686285,-0.2071515340312338,1.1971769510276302,0.9241282931014864,0.0994426727232202
Milos Veljkovic,https://fbref.com/req/202302030/images/headshots/a5ae8f8e_2022.jpg,DF (CB),Right,"184cm, 77kg (6-½, 170lb)","September 26, 1995 (Age: 30-067d) in Belgrade, Serbia",Serbia rs  Other: Switzerland,Red Star,30,-0.1073373323905471,1.2326624282654872,-0.8534129543285043,-0.788188696686285,-0.6885502321144094,0.6751668960447441,-0.7339841446893648,0.869679439031127
Bendegúz Bolla,https://fbref.com/req/202302030/images/headshots/b6ca3ab3_2022.jpg,"DF-MF (FB, right)",Right,"182cm, 77kg (5-11½, 170lb)","November 22, 1999 (Age: 26-010d) in Székesfehérvár, Hungary",Hungary hu,Rapid Wien,26,-0.2033181192463515,-0.5907031962452698,0.3583249366720649,-0.0172092359519755,0.1583971961973072,0.2995729784804024,-0.2883328796614455,-0.6986617349650399
Josip Stanišić,https://fbref.com/req/202302030/images/headshots/7ed08d5c_2022.jpg,DF (FB),Right,"186cm, 73kg (6-1, 161lb)","April 2, 2000 (Age: 25-244d) in München, Germany",Croatia hr  Other: Germany,Bayern Munich,25,-0.2082517463143081,-0.1216862390906539,-0.3835228667727742,-0.4148723262254615,0.3060371079508721,0.4833565892786329,-0.1800343378272992,-0.2574838698938853
Tomáš Holeš,https://fbref.com/req/202302030/images/headshots/e03c2d97_2022.jpg,DF-MF,Right,"180cm, 72kg (5-11, 159lb)","March 31, 1993 (Age: 32-246d) in Polička, Czech Republic",Czech Republic cz,Slavia Prague,32,-0.2473391859186938,0.1230840165705378,-0.3472702236491111,-0.4148723262254615,-0.8488929368615138,0.3114338390350659,0.4259570630900365,-0.3948449830214172
Peter Pekarík,https://fbref.com/req/202302030/images/headshots/c18d22f5_2022.jpg,"DF (FB, right)",Right,"176cm, 69kg (5-9½, 154lb)","October 30, 1986 (Age: 39-033d) in Žilina, Slovakia",Slovakia sk,Hertha BSC,39,-0.2633071004615107,-0.4208698544124492,0.0236900426751195,-0.1374537390022806,0.1672059666035517,-0.8795359483468224,0.2947445941365331,-0.3168619800013166
Josip Juranović,https://fbref.com/req/202302030/images/headshots/0a084b35_2022.jpg,"DF-MF (FB, right)",Right,"175cm, 68kg (5-9, 150lb)","August 16, 1995 (Age: 30-108d) in Zagreb, Croatia",Croatia hr,Union Berlin,30,-0.3363006216081289,-0.9803521472992344,-0.0735846848031444,-0.056950445268177,0.0288527844410879,0.3189334896950591,-0.8736313562217359,1.1444016652861908
Dan Ndoye,https://fbref.com/req/202302030/images/headshots/8e697a8f_2022.jpg,FW-MF (AM),Right,"184cm, 76kg (6-½, 168lb)","October 25, 2000 (Age: 25-038d) in Nyon, Switzerland",Switzerland ch,Nottingham Forest,25,-0.355634168308069,-0.6130886983694249,0.3386861722422196,-0.4263003783824255,0.0790853896546867,-0.3897676842330637,-0.7588252090347182,0.583560509686163
Jesús Navas González,https://fbref.com/req/202302030/images/headshots/3f10bd22_2022.jpg,"DF-FW-MF (AM-FB-WM, right)",Right,"172cm, 59kg (5-7½, 132lb)","November 21, 1985 in Los Palacios y Villafranca, Spain",Spain es,,40,-0.358415988506354,-0.6775151030215245,0.193786319104709,-0.0336130542654715,-0.0819372461378952,0.2042909108248163,-0.9357720130199334,0.2323210501825861
Oleksandr Tymchyk,https://fbref.com/req/202302030/images/headshots/3b996663_2022.jpg,"DF (FB, right)",Right,"180cm, 67kg (5-11, 148lb)","Janry 20, 1997 (Age: 28-316d) in Vinnytsya, Ukraine",Ukraine ua,Dynamo Kiev,28,-0.4483819205948196,-0.7629189927005502,0.0916357222004599,-0.4109008754758782,-0.1809404419031375,0.3427834026936486,-0.4402525612691818,-0.1426803298092116
Federico Dimarco,https://fbref.com/req/202302030/images/headshots/970b8574_2022.jpg,"DF-MF (WM, left)",Left,"175cm, 74kg (5-9, 165lb)","November 10, 1997 (Age: 28-022d) in Milan, Italy",Italy it,Internazionale,28,-0.4513990304174418,-0.4675509206728521,0.6469509239166613,-0.0415559557646379,0.1578504192027047,-0.7449169947211641,-0.9421897698650312,-0.8708068660817891
Jakub Piotr Kiwior,https://fbref.com/req/202302030/images/headshots/af686bed_2022.jpg,MF (CM),Right,"184cm, 78kg (6-½, 172lb)","October 4, 1997 (Age: 28-059d) in Toruń, Poland",Poland pl,Udinese,28,-0.488817475029872,-0.843262932111963,-0.7876997378860346,-0.4109008754758782,-0.4714632252496434,1.5362086494206408,-0.85877740656694,1.1444016652861908
Matteo Darmian,https://fbref.com/req/202302030/images/headshots/96e0490d_2022.jpg,"DF-MF (CB-FB-WM, right)",Right,"182cm, 69kg (5-11½, 154lb)","December 2, 1989 (Age: 36-000d) in Legnano, Italy",Italy it,Internazionale,36,-0.5480933884197462,-0.5030419618246258,-0.2981563541340686,-0.788188696686285,-0.0297766655675747,0.2894379037607567,-0.5887727269249492,0.1095096282074944
Silvan Widmer,https://fbref.com/req/202302030/images/headshots/f68b64fc_2022.jpg,"DF-MF (FB-WM, right)",Right,"182cm, 79kg (5-11½, 176lb)","Mar 5, 1993 (Age: 32-272d) in Aarau, Switzerland",Switzerland ch,Mainz 05,32,-0.5787243001425798,-0.5087843283566351,-0.2749607857885992,-0.4901630227889888,0.0853915137694731,-0.45851352095325,0.0565234505204804,-0.9073414247314644
Yannick Ferreira Carrasco,https://fbref.com/req/202302030/images/headshots/de39485a_2022.jpg,"DF-FW-MF (AM-WM, left)",Right,"180cm, 72kg (5-11, 159lb)","Septemr 4, 1993 (Age: 32-089d) in Ixelles, Belgium",Belgium be,Al Shabab (KSA),32,-0.6366255971018615,-0.7343408732354804,-0.6351109976041909,-0.788188696686285,-0.1452242148891352,0.6751668960447441,-1.0801884252379632,1.1444016652861908
Anthony Ralston,https://fbref.com/req/202302030/images/headshots/56208b05_2022.jpg,"DF (FB, right)",Right,"178cm, 69kg (5-10, 154lb)","November 16, 1998 (Age: 27-016d) in Glasgow, Scotland, United Kingdom",Scotland sct,Celtic,27,-0.6403274903111507,-0.6172990387703199,0.1969688860970699,-0.0336130542654715,0.0984151498766344,-0.3572026482736109,-0.1353579634409279,-2.418449736935514
Jack Hendry,https://fbref.com/req/202302030/images/headshots/ffed43e3_2022.jpg,DF (CB),Right,"170cm, 69kg (5-7, 154lb)","May 7, 1995 (Age: 30-209d) in Glasgow, Scotland, United Kingdom",Scotland sct,Al-Ettifaq,30,-0.7361004049107285,-0.2337437069436549,-1.020303847274286,-0.788188696686285,-1.2412724774028578,0.6751668960447441,-0.4600506421288833,0.6326641850071502
Rúben Santos Gato Alves Dias,https://fbref.com/req/202302030/images/headshots/31c69ef1_2022.jpg,DF-MF (CB),Right,"186cm, 82kg (6-1, 181lb)","May 14, 1997 (Age: 28-202d) in Amadora, Portugal",Portugal pt,Manchester City,28,-0.7374794880200041,-0.618357834963513,-0.906466711302504,-0.4109008754758782,-0.5346338722981139,0.6751668960447441,-1.280488375220615,1.005579263721132
Jan Bednarek,https://fbref.com/req/202302030/images/headshots/4115ce4e_2022.jpg,DF (CB),Right,"190cm, 77kg (6-3, 170lb)","April 12, 1996 (Age: 29-234d) in Słupca, Poland",Poland pl,Porto,29,-0.7485775899082027,-0.596843249615088,-1.0876726480964367,-0.788188696686285,-2.0787626457353428,1.868592142771736,-0.0059996299458325,0.5367422599267875
Elseid Hysaj,https://fbref.com/req/202302030/images/headshots/2f3452eb_2022.jpg,DF (FB),Right,"182cm, 74kg (5-11½, 165lb)","February 20, 1994 (Age: 31-285d) in Rrethi i Shkodrës, Albania",Albania al,Lazio,31,-0.7494480648881041,-0.9212487263606612,-0.9118686384146548,-0.4187610384177617,-0.5891424634363678,0.3152227250455833,-0.279217927214916,0.4854634983088521
Kaan Ayhan,https://fbref.com/req/202302030/images/headshots/2200181e_2022.jpg,"DF-MF (CB-DM-FB, right)",Right,"184cm, 83kg (6-½, 185lb)","November 10, 1994 (Age: 31-022d) in Gelsenkirchen, Germany",Turkey tr  Other: Germany,Galatasaray,31,-0.7877300457198517,-0.530025640457568,-0.8947786422184663,-0.788188696686285,-1.2500511907141452,1.532634633363102,-0.8717385031936501,0.4642074284063573
David Doudera,https://fbref.com/req/202302030/images/headshots/e95b4604_2022.jpg,DF-MF,,,"May 31, 1998 (Age: 27-185d) in Czech Republic",Czech Republic cz,Slavia Prague,27,-0.8178678332917656,-0.8795423136848056,-0.9834444654380016,-0.788188696686285,-0.516518114421447,0.9003242461187838,-0.9236546385992034,0.9743531060662324
Luke Shaw,https://fbref.com/req/202302030/images/headshots/9c94165b_2022.jpg,"DF-MF (FB-WM, left)",Left,"185cm, 74kg (6-1, 165lb)","July 12, 1995 (Age: 30-143d) in Kingston upon Thames, England, United Kingdom",England eng,Manchester United,30,-0.8370149027706845,-1.1930667853992136,-0.884464309687887,-0.788188696686285,-0.4266093422602118,0.4977772983385647,-0.6168998895781339,1.1444016652861908
Denis Vavro,https://fbref.com/req/202302030/images/headshots/08990838_2022.jpg,"DF (CB, right)",Right,"190cm, 87kg (6-3, 194lb)","April 10, 1996 (Age: 29-236d) in Žilina, Slovakia",Slovakia sk,Wolfsburg,29,-0.8592504983177971,-0.5670956478793832,-0.9681553552079116,-0.788188696686285,-1.4048524868277952,0.6751668960447441,-0.37405273863835,0.543688672950461
Roland Sallai,https://fbref.com/req/202302030/images/headshots/bf075f6b_2022.jpg,FW-MF (AM),Right,"183cm, 77kg (6-0, 170lb)","May 22, 1997 (Age: 28-194d) in Hungary",Hungary hu,Galatasaray,28,-0.8665785536258009,-1.1598146320303309,-0.7759828565009116,-0.3805443841141214,-0.3393444922565329,0.3179258252687328,-0.9444835693800406,0.6626415790599013
Antonio Rüdiger,https://fbref.com/req/202302030/images/headshots/18b896d6_2022.jpg,DF (CB),Right,"191cm, 84kg (6-3, 187lb)","March 3, 1993 (Age: 32-274d) in Berlin, Germany",Germany de,Real Madrid,32,-0.9042782246749708,-1.0075101528587298,-1.0876726480964367,-0.4148723262254615,-1.283028321811002,0.3114338390350659,-0.3389206264258195,0.9779330757340212
Jure Balkovec,https://fbref.com/req/202302030/images/headshots/1a787ee8_2022.jpg,"DF-MF (FB, left)",Left,"185cm, 73kg (6-1, 163lb)","September 9, 1994 (Age: 31-084d) in Novo Mesto, Slovenia",Slovenia si,,31,-0.9269576473589924,-1.161436219343405,-0.942358319041609,-0.4974915229667911,-0.4266571214325014,0.3919321385372077,-0.5946722589958168,0.28935818915885
Iván Balliu Campeny,https://fbref.com/req/202302030/images/headshots/cee88597_2022.jpg,"DF (FB, right)",Right,"175cm, 63kg (5-9, 139lb)","January 1, 1992 (Age: 33-335d) in Cald de Malavella, Spain",Albania al  Other: Spain,Rayo Vallecano,33,-0.960057884294007,-1.123111890599349,-0.990314073123688,-0.788188696686285,-0.3952120620085154,0.6751668960447441,-1.2121823274516623,1.1444016652861908
Joško Gvardiol,https://fbref.com/req/202302030/images/headshots/5ad50391_2022.jpg,"DF (CB-FB, left)",Left,"185cm, 82kg (6-1, 181lb)","January 23, 2002 (Age: 23-313d) in Zagreb, Croatia",Croatia hr,Manchester City,23,-0.9610310117780344,-0.8267099265377063,-0.8707561017525901,-0.788188696686285,-0.4009117592587564,-0.4102281927044072,-0.3675215483067939,0.1558755351791506
Andrei Burcă Andonie,https://fbref.com/req/202302030/images/headshots/c83623e2_2022.jpg,DF (CB),Right,"188cm, 76kg (6-2, 168lb)","April 15, 1993 (Age: 32-231d) in Bacău, Romania",Romania ro,Yunnan Yukun,32,-1.0119527290335577,-1.085962207038388,-0.97736730719641,-0.788188696686285,-0.4265621286544046,0.3280108029891555,-1.12890165663755,0.9994093792071292
Attila Fiola,https://fbref.com/req/202302030/images/headshots/bb17ccd0_2022.jpg,DF-MF,Right,"182cm, 69kg (5-11½, 154lb)","February 17, 1990 (Age: 35-288d) in Szekszárd, Hungary",Hungary hu,Újpest,35,-1.0218112816096994,-0.7022927051843529,-0.9204904917837412,-0.4187610384177617,-0.4842558624117975,-0.3356949494336453,-1.090747380701512,0.1928897878923498
Srđan Mijailović,https://fbref.com/req/202302030/images/headshots/175bef1f_2022.jpg,MF (DM),Right,"178cm, 71kg (5-10, 157lb)","November 10, 1993 (Age: 32-022d) in Požega, Croatia",Serbia rs,Čukarički,32,-1.0796265734003756,-1.092521309693757,-0.7075086317657377,-0.788188696686285,-0.4397919875915252,0.2529500261122714,-1.4621865615493803,0.7169823137333224
António João Pereira Albuquerque Tavares Silva,https://fbref.com/req/202302030/images/headshots/8f0435c7_2022.jpg,"DF (CB, right)",,"187cm, 78kg (6-1½, 174lb)","October 30, 2003 (Age: 22-033d) in Portugal, Portugal",Portugal pt,Benfica,22,-1.1175911966591114,-0.4826506197524924,-0.9971632209588264,-0.2508393755684329,-0.7664394843243812,0.6751668960447441,-0.8544669137481485,-1.9539940351240157
Endre Botka,https://fbref.com/req/202302030/images/headshots/2cb77ec6_2022.jpg,DF,Right,"177cm, 77kg (5-9½, 170lb)","August 25, 1994 (Age: 31-099d) in Hungary",Hungary hu,Ferencváros,31,-1.1493369884125175,-1.2598498127578477,-1.0915769763259022,-0.788188696686285,-0.8820299630110268,0.6751668960447441,-1.0919903382014384,0.8834155503438802
Josip Šutalo,https://fbref.com/req/202302030/images/headshots/33a6a650_2022.jpg,"DF (CB, right)",Right,"190cm, 79kg (6-3, 176lb)","February 28, 2000 (Age: 25-277d) in Čapljina, Bosnia and Herzegovina",Croatia hr,Ajax,25,-1.1766590568412365,-1.3618121402337158,-1.1657592126857472,-0.788188696686285,-1.9002861972848857,1.868592142771736,-0.9523232689876624,0.8780893031001595
Solomon Kverkvelia,https://fbref.com/req/202302030/images/headshots/19e4dca5_2022.jpg,DF (CB),Right,"190cm, 74kg (6-3, 165lb)","February 6, 1992 (A: 33-299d) in Samtredia, Georgia",Georgia ge,FC Torpedo Kutaisi,33,-1.1855283321362595,-1.1143850267409543,-1.1657592126857472,-0.788188696686285,-0.8308644264061137,0.3118640079633141,-0.6478765237546317,0.1474763418008554
Vanja Drkušić,https://fbref.com/req/202302030/images/headshots/e2e816b9_2022.jpg,DF (CB),Right,"186cm, 69kg (6-1, 154lb)","October 30, 1999 (Age: 26-033d) in Slovenia, Slovenia",Slovenia si,Zenit,26,-1.266823147996648,-1.1009472192885652,-0.9834444654380016,-0.4068440171832932,-1.8762573525969757,0.6751668960447441,-1.2632956443041965,0.5534077593850861
Illia Zabarnyi,https://fbref.com/req/202302030/images/headshots/88968486_2022.jpg,"DF (CB, right)",Right,"189cm, 81kg (6-2½, 179lb)","September 1, 2002 (Age: 23-092d) in Kyiv, Ukraine",Ukraine ua,Paris Saint-Germain,23,-1.268179946936545,-0.6262623012665973,-1.0876726480964367,-0.788188696686285,-1.9833470042674888,0.3114338390350659,-1.277833023823142,0.869679439031127
Samet Akaydin,https://fbref.com/req/202302030/images/headshots/7328bee5_2022.jpg,DF (CB),,,"March 13, 1994 (Age: 31-264d) in Turkey",Turkey tr,Rizespor,31,-1.2697183035348385,-0.8602480848943352,-1.0510444141911413,-0.788188696686285,-2.459424011798733,0.6751668960447441,-0.9519621804470584,0.9813654177866432
José Ignacio Fernández Iglesias,https://fbref.com/req/202302030/images/headshots/2946f9a1_2022.jpg,DF (CB-FB),Right,"179cm, 74kg (5-10½, 165lb)","January 18, 1990 (Age: 35-318d) in Madrid, Spain",Spain es,Al Qadisiyah,35,-1.419426115487771,-0.9704687575635486,-1.1657592126857472,-0.788188696686285,-1.9266088291016723,0.3114338390350659,-1.3481423180410723,0.840571962606489
